z centers of edges of histogram bins ; mass density in the z direction
0.0;0.00
0.1;0.00
0.2;0.00
0.3;0.00
0.4;0.00
0.5;0.00
0.6;0.00
0.7;0.00
0.8;0.00
0.9;0.00
1.0;0.00
1.1;0.00
1.2;0.00
1.3;0.00
1.4;0.00
1.5;0.00
1.6;0.00
1.7;0.00
1.8;0.00
1.9;0.00
2.0;0.00
2.1;0.00
2.2;0.00
2.3;0.00
2.4;0.00
2.5;0.00
2.6;0.00
2.7;0.00
2.8;0.00
2.9;0.00
3.0;0.00
3.1;0.00
3.2;0.00
3.3;0.00
3.4;0.00
3.5;0.00
3.6;0.00
3.7;0.00
3.8;0.00
3.9;0.00
4.0;0.00
4.1;0.00
4.2;0.00
4.3;0.00
4.4;0.00
4.5;0.00
4.6;0.00
4.7;0.00
4.8;0.00
4.9;0.00
5.0;0.00
5.1;0.00
5.2;0.00
5.3;0.00
5.4;0.00
5.5;0.00
5.6;0.00
5.7;0.00
5.8;0.00
5.9;0.00
6.0;0.00
6.1;0.00
6.2;0.00
6.3;0.00
6.4;0.00
6.5;0.00
6.6;0.00
6.7;0.00
6.8;0.00
6.9;0.00
7.0;0.00
7.1;0.00
7.2;0.00
7.3;0.00
7.4;0.00
7.5;0.00
7.6;0.00
7.7;0.00
7.8;0.00
7.9;0.00
8.0;0.00
8.1;0.00
8.2;0.00
8.3;0.00
8.4;0.00
8.5;0.00
8.6;0.00
8.7;0.00
8.8;0.00
8.9;0.00
9.0;0.00
9.1;0.00
9.2;0.00
9.3;0.00
9.4;0.00
9.5;0.00
9.6;0.00
9.7;0.00
9.8;0.00
9.9;0.00
10.0;0.00
10.1;0.00
10.2;0.00
10.3;0.00
10.4;0.00
10.5;0.00
10.6;0.00
10.7;0.00
10.8;0.00
10.9;0.00
11.0;0.00
11.1;0.00
11.2;0.00
11.3;0.00
11.4;0.00
11.5;0.00
11.6;0.00
11.7;0.00
11.8;0.00
11.9;0.00
12.0;0.00
12.1;0.00
12.2;0.00
12.3;0.00
12.4;0.00
12.5;0.00
12.6;0.00
12.7;0.00
12.8;0.00
12.9;0.00
13.0;0.00
13.1;0.00
13.2;0.00
13.3;0.00
13.4;0.00
13.5;0.00
13.6;0.00
13.7;0.00
13.8;0.00
13.9;0.00
14.0;0.00
14.1;0.00
14.2;0.00
14.3;0.00
14.4;0.00
14.5;0.00
14.6;0.00
14.7;0.00
14.8;0.00
14.9;0.00
15.0;0.00
15.1;0.00
15.2;0.00
15.3;0.00
15.4;0.00
15.5;0.00
15.6;0.00
15.7;0.00
15.8;0.00
15.9;0.00
16.0;0.00
16.1;0.00
16.2;0.00
16.3;0.00
16.4;0.00
16.5;0.00
16.6;0.00
16.7;0.00
16.8;0.00
16.9;0.00
17.0;0.00
17.1;0.00
17.2;0.00
17.3;0.00
17.4;0.00
17.5;0.00
17.6;0.00
17.7;0.00
17.8;0.00
17.9;0.00
18.0;0.00
18.1;0.00
18.2;0.00
18.3;0.00
18.4;0.00
18.5;0.00
18.6;0.00
18.7;0.00
18.8;0.00
18.9;0.00
19.0;0.00
19.1;0.00
19.2;0.00
19.3;0.00
19.4;0.00
19.5;0.00
19.6;0.00
19.7;0.00
19.8;0.00
19.9;0.00
20.0;0.00
20.1;0.00
20.2;0.00
20.3;0.00
20.4;0.00
20.5;0.00
20.6;0.00
20.7;0.00
20.8;0.00
20.9;0.00
21.0;0.00
21.1;0.00
21.2;0.00
21.3;0.00
21.4;0.00
21.5;0.00
21.6;0.00
21.7;0.00
21.8;0.00
21.9;0.00
22.0;0.00
22.1;0.00
22.2;0.00
22.3;0.00
22.4;0.00
22.5;0.00
22.6;0.00
22.7;0.00
22.8;0.00
22.9;0.00
23.0;0.00
23.1;0.00
23.2;0.00
23.3;0.00
23.4;0.00
23.5;0.00
23.6;0.00
23.7;0.00
23.8;0.00
23.9;0.00
24.0;0.00
24.1;0.00
24.2;0.00
24.3;0.00
24.4;0.00
24.5;0.00
24.6;0.00
24.7;0.00
24.8;0.00
24.9;0.00
25.0;0.00
25.1;0.00
25.2;0.00
25.3;0.00
25.4;0.00
25.5;0.00
25.6;0.00
25.7;0.00
25.8;0.00
25.9;0.00
26.0;0.00
26.1;0.00
26.2;0.00
26.3;0.00
26.4;0.00
26.5;0.00
26.6;0.00
26.7;0.00
26.8;0.00
26.9;0.01
27.0;0.00
27.1;0.00
27.2;0.01
27.3;0.01
27.4;0.02
27.5;0.01
27.6;0.01
27.7;0.02
27.8;0.06
27.9;0.03
28.0;0.04
28.1;0.11
28.2;0.05
28.3;0.13
28.4;0.15
28.5;0.13
28.6;0.19
28.7;0.17
28.8;0.20
28.9;0.22
29.0;0.18
29.1;0.18
29.2;0.28
29.3;0.22
29.4;0.23
29.5;0.23
29.6;0.22
29.7;0.20
29.8;0.14
29.9;0.19
30.0;0.14
30.1;0.17
30.2;0.20
30.3;0.14
30.4;0.13
30.5;0.13
30.6;0.11
30.7;0.12
30.8;0.09
30.9;0.13
31.0;0.09
31.1;0.18
31.2;0.13
31.3;0.10
31.4;0.09
31.5;0.15
31.6;0.11
31.7;0.15
31.8;0.13
31.9;0.22
32.0;0.14
32.1;0.17
32.2;0.18
32.3;0.27
32.4;0.16
32.5;0.20
32.6;0.21
32.7;0.20
32.8;0.11
32.9;0.16
33.0;0.14
33.1;0.17
33.2;0.17
33.3;0.10
33.4;0.13
33.5;0.17
33.6;0.08
33.7;0.19
33.8;0.15
33.9;0.15
34.0;0.15
34.1;0.14
34.2;0.12
34.3;0.17
34.4;0.16
34.5;0.14
34.6;0.12
34.7;0.10
34.8;0.13
34.9;0.13
35.0;0.14
35.1;0.14
35.2;0.24
35.3;0.15
35.4;0.12
35.5;0.12
35.6;0.13
35.7;0.14
35.8;0.15
35.9;0.14
36.0;0.27
36.1;0.16
36.2;0.13
36.3;0.14
36.4;0.12
36.5;0.11
36.6;0.13
36.7;0.13
36.8;0.22
36.9;0.15
37.0;0.14
37.1;0.15
37.2;0.10
37.3;0.17
37.4;0.16
37.5;0.18
37.6;0.19
37.7;0.15
37.8;0.12
37.9;0.16
38.0;0.13
38.1;0.14
38.2;0.12
38.3;0.16
38.4;0.13
38.5;0.13
38.6;0.15
38.7;0.16
38.8;0.14
38.9;0.12
39.0;0.11
39.1;0.12
39.2;0.17
39.3;0.16
39.4;0.12
39.5;0.14
39.6;0.14
39.7;0.17
39.8;0.15
39.9;0.16
40.0;0.21
40.1;0.17
40.2;0.16
40.3;0.11
40.4;0.15
40.5;0.13
40.6;0.13
40.7;0.13
40.8;0.12
40.9;0.12
41.0;0.14
41.1;0.12
41.2;0.16
41.3;0.16
41.4;0.13
41.5;0.17
41.6;0.14
41.7;0.13
41.8;0.13
41.9;0.08
42.0;0.17
42.1;0.11
42.2;0.13
42.3;0.17
42.4;0.13
42.5;0.15
42.6;0.17
42.7;0.17
42.8;0.13
42.9;0.22
43.0;0.13
43.1;0.14
43.2;0.19
43.3;0.11
43.4;0.13
43.5;0.17
43.6;0.17
43.7;0.13
43.8;0.10
43.9;0.11
44.0;0.16
44.1;0.14
44.2;0.11
44.3;0.12
44.4;0.10
44.5;0.17
44.6;0.17
44.7;0.15
44.8;0.16
44.9;0.11
45.0;0.13
45.1;0.13
45.2;0.13
45.3;0.13
45.4;0.09
45.5;0.15
45.6;0.12
45.7;0.17
45.8;0.13
45.9;0.19
46.0;0.08
46.1;0.19
46.2;0.13
46.3;0.09
46.4;0.14
46.5;0.10
46.6;0.09
46.7;0.19
46.8;0.16
46.9;0.16
47.0;0.15
47.1;0.19
47.2;0.09
47.3;0.20
47.4;0.12
47.5;0.18
47.6;0.16
47.7;0.14
47.8;0.17
47.9;0.13
48.0;0.09
48.1;0.07
48.2;0.12
48.3;0.11
48.4;0.13
48.5;0.13
48.6;0.11
48.7;0.11
48.8;0.11
48.9;0.16
49.0;0.11
49.1;0.14
49.2;0.17
49.3;0.16
49.4;0.11
49.5;0.16
49.6;0.19
49.7;0.11
49.8;0.11
49.9;0.15
50.0;0.13
50.1;0.14
50.2;0.14
50.3;0.10
50.4;0.15
50.5;0.16
50.6;0.12
50.7;0.14
50.8;0.14
50.9;0.10
51.0;0.11
51.1;0.11
51.2;0.16
51.3;0.09
51.4;0.13
51.5;0.08
51.6;0.16
51.7;0.13
51.8;0.14
51.9;0.17
52.0;0.12
52.1;0.11
52.2;0.14
52.3;0.09
52.4;0.08
52.5;0.11
52.6;0.10
52.7;0.18
52.8;0.09
52.9;0.17
53.0;0.13
53.1;0.15
53.2;0.10
53.3;0.12
53.4;0.14
53.5;0.11
53.6;0.16
53.7;0.14
53.8;0.10
53.9;0.12
54.0;0.14
54.1;0.14
54.2;0.10
54.3;0.10
54.4;0.17
54.5;0.16
54.6;0.09
54.7;0.11
54.8;0.10
54.9;0.14
55.0;0.14
55.1;0.19
55.2;0.09
55.3;0.12
55.4;0.09
55.5;0.10
55.6;0.16
55.7;0.11
55.8;0.10
55.9;0.16
56.0;0.08
56.1;0.10
56.2;0.11
56.3;0.07
56.4;0.07
56.5;0.15
56.6;0.13
56.7;0.11
56.8;0.17
56.9;0.14
57.0;0.13
57.1;0.10
57.2;0.09
57.3;0.11
57.4;0.09
57.5;0.10
57.6;0.11
57.7;0.15
57.8;0.11
57.9;0.12
58.0;0.13
58.1;0.14
58.2;0.10
58.3;0.16
58.4;0.12
58.5;0.09
58.6;0.10
58.7;0.13
58.8;0.12
58.9;0.11
59.0;0.12
59.1;0.12
59.2;0.11
59.3;0.13
59.4;0.12
59.5;0.07
59.6;0.12
59.7;0.14
59.8;0.08
59.9;0.12
60.0;0.08
60.1;0.12
60.2;0.10
60.3;0.10
60.4;0.07
60.5;0.15
60.6;0.13
60.7;0.09
60.8;0.08
60.9;0.08
61.0;0.12
61.1;0.12
61.2;0.14
61.3;0.09
61.4;0.09
61.5;0.14
61.6;0.10
61.7;0.08
61.8;0.13
61.9;0.08
62.0;0.13
62.1;0.10
62.2;0.09
62.3;0.09
62.4;0.10
62.5;0.11
62.6;0.14
62.7;0.08
62.8;0.07
62.9;0.08
63.0;0.12
63.1;0.10
63.2;0.10
63.3;0.14
63.4;0.08
63.5;0.11
63.6;0.08
63.7;0.11
63.8;0.12
63.9;0.08
64.0;0.11
64.1;0.09
64.2;0.09
64.3;0.10
64.4;0.08
64.5;0.09
64.6;0.17
64.7;0.13
64.8;0.09
64.9;0.11
65.0;0.11
65.1;0.11
65.2;0.07
65.3;0.10
65.4;0.07
65.5;0.13
65.6;0.03
65.7;0.09
65.8;0.13
65.9;0.12
66.0;0.05
66.1;0.08
66.2;0.09
66.3;0.14
66.4;0.05
66.5;0.08
66.6;0.06
66.7;0.12
66.8;0.09
66.9;0.05
67.0;0.11
67.1;0.09
67.2;0.09
67.3;0.07
67.4;0.08
67.5;0.06
67.6;0.10
67.7;0.12
67.8;0.08
67.9;0.09
68.0;0.07
68.1;0.09
68.2;0.06
68.3;0.10
68.4;0.10
68.5;0.06
68.6;0.07
68.7;0.06
68.8;0.09
68.9;0.13
69.0;0.10
69.1;0.05
69.2;0.10
69.3;0.05
69.4;0.07
69.5;0.04
69.6;0.07
69.7;0.08
69.8;0.06
69.9;0.08
70.0;0.03
70.1;0.04
70.2;0.11
70.3;0.07
70.4;0.07
70.5;0.08
70.6;0.07
70.7;0.05
70.8;0.07
70.9;0.07
71.0;0.05
71.1;0.06
71.2;0.08
71.3;0.08
71.4;0.09
71.5;0.08
71.6;0.05
71.7;0.06
71.8;0.07
71.9;0.07
72.0;0.07
72.1;0.09
72.2;0.08
72.3;0.11
72.4;0.05
72.5;0.05
72.6;0.05
72.7;0.06
72.8;0.04
72.9;0.06
73.0;0.06
73.1;0.04
73.2;0.03
73.3;0.05
73.4;0.09
73.5;0.05
73.6;0.05
73.7;0.08
73.8;0.04
73.9;0.05
74.0;0.08
74.1;0.06
74.2;0.03
74.3;0.07
74.4;0.04
74.5;0.03
74.6;0.07
74.7;0.09
74.8;0.06
74.9;0.05
75.0;0.05
75.1;0.07
75.2;0.04
75.3;0.06
75.4;0.05
75.5;0.05
75.6;0.04
75.7;0.04
75.8;0.06
75.9;0.04
76.0;0.03
76.1;0.04
76.2;0.04
76.3;0.06
76.4;0.03
76.5;0.07
76.6;0.05
76.7;0.06
76.8;0.07
76.9;0.03
77.0;0.04
77.1;0.02
77.2;0.02
77.3;0.04
77.4;0.02
77.5;0.02
77.6;0.06
77.7;0.05
77.8;0.03
77.9;0.03
78.0;0.04
78.1;0.02
78.2;0.04
78.3;0.04
78.4;0.04
78.5;0.04
78.6;0.05
78.7;0.06
78.8;0.02
78.9;0.04
79.0;0.02
79.1;0.02
79.2;0.02
79.3;0.02
79.4;0.06
79.5;0.06
79.6;0.04
79.7;0.02
79.8;0.02
79.9;0.02
80.0;0.06
80.1;0.03
80.2;0.01
80.3;0.02
80.4;0.02
80.5;0.01
80.6;0.04
80.7;0.01
80.8;0.01
80.9;0.01
81.0;0.01
81.1;0.02
81.2;0.01
81.3;0.02
81.4;0.05
81.5;0.03
81.6;0.03
81.7;0.03
81.8;0.04
81.9;0.02
82.0;0.02
82.1;0.01
82.2;0.01
82.3;0.03
82.4;0.01
82.5;0.02
82.6;0.00
82.7;0.02
82.8;0.02
82.9;0.03
83.0;0.00
83.1;0.02
83.2;0.01
83.3;0.01
83.4;0.01
83.5;0.01
83.6;0.00
83.7;0.00
83.8;0.00
83.9;0.00
84.0;0.01
84.1;0.00
84.2;0.00
84.3;0.00
84.4;0.01
84.5;0.00
84.6;0.00
84.7;0.01
84.8;0.00
84.9;0.00
85.0;0.00
85.1;0.01
85.2;0.00
85.3;0.00
85.4;0.00
85.5;0.00
85.6;0.00
85.7;0.00
85.8;0.00
85.9;0.00
86.0;0.00
86.1;0.00
86.2;0.00
86.3;0.00
86.4;0.00
86.5;0.00
86.6;0.00
86.7;0.00
86.8;0.00
86.9;0.00
87.0;0.00
87.1;0.00
87.2;0.00
87.3;0.00
87.4;0.00
87.5;0.00
87.6;0.00
87.7;0.00
87.8;0.00
87.9;0.00
88.0;0.00
88.1;0.00
88.2;0.00
88.3;0.00
88.4;0.00
88.5;0.00
88.6;0.00
88.7;0.00
88.8;0.00
88.9;0.00
89.0;0.00
89.1;0.00
89.2;0.00
89.3;0.00
89.4;0.00
89.5;0.00
89.6;0.00
89.7;0.00
89.8;0.00
89.9;0.00
90.0;0.00
90.1;0.00
90.2;0.00
90.3;0.00
90.4;0.00
90.5;0.00
90.6;0.00
90.7;0.00
90.8;0.00
90.9;0.00
91.0;0.00
91.1;0.00
91.2;0.00
91.3;0.00
91.4;0.00
91.5;0.00
91.6;0.00
91.7;0.00
91.8;0.00
91.9;0.00
92.0;0.00
92.1;0.00
92.2;0.00
92.3;0.00
92.4;0.00
92.5;0.00
92.6;0.00
92.7;0.00
92.8;0.00
92.9;0.00
93.0;0.00
93.1;0.00
93.2;0.00
93.3;0.00
93.4;0.00
93.5;0.00
93.6;0.00
93.7;0.00
93.8;0.00
93.9;0.00
94.0;0.00
94.1;0.00
94.2;0.00
94.3;0.00
94.4;0.00
94.5;0.00
94.6;0.00
94.7;0.00
94.8;0.00
94.9;0.00
95.0;0.00
95.1;0.00
95.2;0.00
95.3;0.00
95.4;0.00
95.5;0.00
95.6;0.00
95.7;0.00
95.8;0.00
95.9;0.00
96.0;0.00
96.1;0.00
96.2;0.00
96.3;0.00
96.4;0.00
96.5;0.00
96.6;0.00
96.7;0.00
96.8;0.00
96.9;0.00
97.0;0.00
97.1;0.00
97.2;0.00
97.3;0.00
97.4;0.00
97.5;0.00
97.6;0.00
97.7;0.00
97.8;0.00
97.9;0.00
98.0;0.00
98.1;0.00
98.2;0.00
98.3;0.00
98.4;0.00
98.5;0.00
98.6;0.00
98.7;0.00
98.8;0.00
98.9;0.00
99.0;0.00
99.1;0.00
99.2;0.00
99.3;0.00
99.4;0.00
99.5;0.00
99.6;0.00
99.7;0.00
99.8;0.00
99.9;0.00
100.0;0.00
100.1;0.00
100.2;0.00
100.3;0.00
100.4;0.00
100.5;0.00
100.6;0.00
100.7;0.00
100.8;0.00
100.9;0.00
101.0;0.00
101.1;0.00
101.2;0.00
101.3;0.00
101.4;0.00
101.5;0.00
101.6;0.00
101.7;0.00
101.8;0.00
101.9;0.00
102.0;0.00
102.1;0.00
102.2;0.00
102.3;0.00
102.4;0.00
102.5;0.00
102.6;0.00
102.7;0.00
102.8;0.00
102.9;0.00
103.0;0.00
103.1;0.00
103.2;0.00
103.3;0.00
103.4;0.00
103.5;0.00
103.6;0.00
103.7;0.00
103.8;0.00
103.9;0.00
104.0;0.00
104.1;0.00
104.2;0.00
104.3;0.00
104.4;0.00
104.5;0.00
104.6;0.00
104.7;0.00
104.8;0.00
104.9;0.00
105.0;0.00
105.1;0.00
105.2;0.00
105.3;0.00
105.4;0.00
105.5;0.00
105.6;0.00
105.7;0.00
105.8;0.00
105.9;0.00
106.0;0.00
106.1;0.00
106.2;0.00
106.3;0.00
106.4;0.00
106.5;0.00
106.6;0.00
106.7;0.00
106.8;0.00
106.9;0.00
107.0;0.00
107.1;0.00
107.2;0.00
107.3;0.00
107.4;0.00
107.5;0.00
107.6;0.00
107.7;0.00
107.8;0.00
107.9;0.00
108.0;0.00
108.1;0.00
108.2;0.00
108.3;0.00
108.4;0.00
108.5;0.00
108.6;0.00
108.7;0.00
108.8;0.00
108.9;0.00
109.0;0.00
109.1;0.00
109.2;0.00
109.3;0.00
109.4;0.00
109.5;0.00
109.6;0.00
109.7;0.00
109.8;0.00
109.9;0.00
110.0;0.00
110.1;0.00
110.2;0.00
110.3;0.00
110.4;0.00
110.5;0.00
110.6;0.00
110.7;0.00
110.8;0.00
110.9;0.00
111.0;0.00
111.1;0.00
111.2;0.00
111.3;0.00
111.4;0.00
111.5;0.00
111.6;0.00
111.7;0.00
111.8;0.00
111.9;0.00
112.0;0.00
112.1;0.00
112.2;0.00
112.3;0.00
112.4;0.00
112.5;0.00
112.6;0.00
112.7;0.00
112.8;0.00
112.9;0.00
113.0;0.00
113.1;0.00
113.2;0.00
113.3;0.00
113.4;0.00
113.5;0.00
113.6;0.00
113.7;0.00
113.8;0.00
113.9;0.00
114.0;0.00
114.1;0.00
114.2;0.00
114.3;0.00
114.4;0.00
114.5;0.00
114.6;0.00
114.7;0.00
114.8;0.00
114.9;0.00
115.0;0.00
115.1;0.00
115.2;0.00
115.3;0.00
115.4;0.00
115.5;0.00
115.6;0.00
115.7;0.00
115.8;0.00
115.9;0.00
116.0;0.00
116.1;0.00
116.2;0.00
116.3;0.00
116.4;0.00
116.5;0.00
116.6;0.00
116.7;0.00
116.8;0.00
116.9;0.00
117.0;0.00
117.1;0.00
117.2;0.00
117.3;0.00
117.4;0.00
117.5;0.00
117.6;0.00
117.7;0.00
117.8;0.00
117.9;0.00
118.0;0.00
118.1;0.00
118.2;0.00
118.3;0.00
118.4;0.00
118.5;0.00
118.6;0.00
118.7;0.00
118.8;0.00
118.9;0.00
119.0;0.00
119.1;0.00
119.2;0.00
119.3;0.00
119.4;0.00
119.5;0.00
119.6;0.00
119.7;0.00
119.8;0.00
119.9;0.00
120.0;0.00
120.1;0.00
120.2;0.00
120.3;0.00
120.4;0.00
120.5;0.00
120.6;0.00
120.7;0.00
120.8;0.00
120.9;0.00
121.0;0.00
121.1;0.00
121.2;0.00
121.3;0.00
121.4;0.00
121.5;0.00
121.6;0.00
121.7;0.00
121.8;0.00
121.9;0.00
122.0;0.00
122.1;0.00
122.2;0.00
122.3;0.00
122.4;0.00
122.5;0.00
122.6;0.00
122.7;0.00
122.8;0.00
122.9;0.00
123.0;0.00
123.1;0.00
123.2;0.00
123.3;0.00
123.4;0.00
123.5;0.00
123.6;0.00
123.7;0.00
123.8;0.00
123.9;0.00
124.0;0.00
124.1;0.00
124.2;0.00
124.3;0.00
124.4;0.00
124.5;0.00
124.6;0.00
124.7;0.00
124.8;0.00
124.9;0.00
125.0;0.00
125.1;0.00
125.2;0.00
125.3;0.00
125.4;0.00
125.5;0.00
125.6;0.00
125.7;0.00
125.8;0.00
125.9;0.00
126.0;0.00
126.1;0.00
126.2;0.00
126.3;0.00
126.4;0.00
126.5;0.00
126.6;0.00
126.7;0.00
126.8;0.00
126.9;0.00
127.0;0.00
127.1;0.00
127.2;0.00
127.3;0.00
127.4;0.00
127.5;0.00
127.6;0.00
127.7;0.00
127.8;0.00
127.9;0.00
128.0;0.00
128.1;0.00
128.2;0.00
128.3;0.00
128.4;0.00
128.5;0.00
128.6;0.00
128.7;0.00
128.8;0.00
128.9;0.00
129.0;0.00
129.1;0.00
129.2;0.00
129.3;0.00
129.4;0.00
129.5;0.00
129.6;0.00
129.7;0.00
129.8;0.00
129.9;0.00
130.0;0.00
130.1;0.00
130.2;0.00
130.3;0.00
130.4;0.00
130.5;0.00
130.6;0.00
130.7;0.00
130.8;0.00
130.9;0.00
131.0;0.00
131.1;0.00
131.2;0.00
131.3;0.00
131.4;0.00
131.5;0.00
131.6;0.00
131.7;0.00
131.8;0.00
131.9;0.00
132.0;0.00
132.1;0.00
132.2;0.00
132.3;0.00
132.4;0.00
132.5;0.00
132.6;0.00
132.7;0.00
132.8;0.00
132.9;0.00
133.0;0.00
133.1;0.00
133.2;0.00
133.3;0.00
133.4;0.00
133.5;0.00
133.6;0.00
133.7;0.00
133.8;0.00
133.9;0.00
134.0;0.00
134.1;0.00
134.2;0.00
134.3;0.00
134.4;0.00
134.5;0.00
134.6;0.00
134.7;0.00
134.8;0.00
134.9;0.00
135.0;0.00
135.1;0.00
135.2;0.00
135.3;0.00
135.4;0.00
135.5;0.00
135.6;0.00
135.7;0.00
135.8;0.00
135.9;0.00
136.0;0.00
136.1;0.00
136.2;0.00
136.3;0.00
136.4;0.00
136.5;0.00
136.6;0.00
136.7;0.00
136.8;0.00
136.9;0.00
137.0;0.00
137.1;0.00
137.2;0.00
137.3;0.00
137.4;0.00
137.5;0.00
137.6;0.00
137.7;0.00
137.8;0.00
137.9;0.00
138.0;0.00
138.1;0.00
138.2;0.00
138.3;0.00
138.4;0.00
138.5;0.00
138.6;0.00
138.7;0.00
138.8;0.00
138.9;0.00
139.0;0.00
139.1;0.00
139.2;0.00
139.3;0.00
139.4;0.00
139.5;0.00
139.6;0.00
139.7;0.00
139.8;0.00
139.9;0.00
140.0;0.00
140.1;0.00
140.2;0.00
140.3;0.00
140.4;0.00
140.5;0.00
140.6;0.00
140.7;0.00
140.8;0.00
140.9;0.00
141.0;0.00
141.1;0.00
141.2;0.00
141.3;0.00
141.4;0.00
141.5;0.00
141.6;0.00
141.7;0.00
141.8;0.00
141.9;0.00
142.0;0.00
142.1;0.00
142.2;0.00
142.3;0.00
142.4;0.00
142.5;0.00
142.6;0.00
142.7;0.00
142.8;0.00
142.9;0.00
143.0;0.00
143.1;0.00
143.2;0.00
143.3;0.00
143.4;0.00
143.5;0.00
143.6;0.00
143.7;0.00
143.8;0.00
143.9;0.00
144.0;0.00
144.1;0.00
144.2;0.00
144.3;0.00
144.4;0.00
144.5;0.00
144.6;0.00
144.7;0.00
144.8;0.00
144.9;0.00
145.0;0.00
145.1;0.00
145.2;0.00
145.3;0.00
145.4;0.00
145.5;0.00
145.6;0.00
145.7;0.00
145.8;0.00
145.9;0.00
146.0;0.00
146.1;0.00
146.2;0.00
146.3;0.00
146.4;0.00
146.5;0.00
146.6;0.00
146.7;0.00
146.8;0.00
146.9;0.00
147.0;0.00
147.1;0.00
147.2;0.00
147.3;0.00
147.4;0.00
147.5;0.00
147.6;0.00
147.7;0.00
147.8;0.00
147.9;0.00
148.0;0.00
148.1;0.00
148.2;0.00
148.3;0.00
148.4;0.00
148.5;0.00
148.6;0.00
148.7;0.00
148.8;0.00
148.9;0.00
149.0;0.00
149.1;0.00
149.2;0.00
149.3;0.00
149.4;0.00
149.5;0.00
149.6;0.00
149.7;0.00
149.8;0.00
149.9;0.00
150.0;0.00
150.1;0.00
150.2;0.00
150.3;0.00
150.4;0.00
150.5;0.00
150.6;0.00
150.7;0.00
150.8;0.00
150.9;0.00
151.0;0.00
151.1;0.00
151.2;0.00
151.3;0.00
151.4;0.00
151.5;0.00
151.6;0.00
151.7;0.00
151.8;0.00
151.9;0.00
152.0;0.00
152.1;0.00
152.2;0.00
152.3;0.00
152.4;0.00
152.5;0.00
152.6;0.00
152.7;0.00
152.8;0.00
152.9;0.00
153.0;0.00
153.1;0.00
153.2;0.00
153.3;0.00
153.4;0.00
153.5;0.00
153.6;0.00
153.7;0.00
153.8;0.00
153.9;0.00
154.0;0.00
154.1;0.00
154.2;0.00
154.3;0.00
154.4;0.00
154.5;0.00
154.6;0.00
154.7;0.00
154.8;0.00
154.9;0.00
155.0;0.00
155.1;0.00
155.2;0.00
155.3;0.00
155.4;0.00
155.5;0.00
155.6;0.00
155.7;0.00
155.8;0.00
155.9;0.00
156.0;0.00
156.1;0.00
156.2;0.00
156.3;0.00
156.4;0.00
156.5;0.00
156.6;0.00
156.7;0.00
156.8;0.00
156.9;0.00
157.0;0.00
157.1;0.00
157.2;0.00
157.3;0.00
157.4;0.00
157.5;0.00
157.6;0.00
157.7;0.00
157.8;0.00
157.9;0.00
158.0;0.00
158.1;0.00
158.2;0.00
158.3;0.00
158.4;0.00
158.5;0.00
158.6;0.00
158.7;0.00
158.8;0.00
158.9;0.00
159.0;0.00
159.1;0.00
159.2;0.00
159.3;0.00
159.4;0.00
159.5;0.00
159.6;0.00
159.7;0.00
159.8;0.00
159.9;0.00
160.0;0.00
160.1;0.00
160.2;0.00
160.3;0.00
160.4;0.00
160.5;0.00
160.6;0.00
160.7;0.00
160.8;0.00
160.9;0.00
161.0;0.00
161.1;0.00
161.2;0.00
161.3;0.00
161.4;0.00
161.5;0.00
161.6;0.00
161.7;0.00
161.8;0.00
161.9;0.00
162.0;0.00
162.1;0.00
162.2;0.00
162.3;0.00
162.4;0.00
162.5;0.00
162.6;0.00
162.7;0.00
162.8;0.00
162.9;0.00
163.0;0.00
163.1;0.00
163.2;0.00
163.3;0.00
163.4;0.00
163.5;0.00
163.6;0.00
163.7;0.00
163.8;0.00
163.9;0.00
164.0;0.00
164.1;0.00
164.2;0.00
164.3;0.00
164.4;0.00
164.5;0.00
164.6;0.00
164.7;0.00
164.8;0.00
164.9;0.00
165.0;0.00
165.1;0.00
165.2;0.00
165.3;0.00
165.4;0.00
165.5;0.00
165.6;0.00
165.7;0.00
165.8;0.00
165.9;0.00
166.0;0.00
166.1;0.00
166.2;0.00
166.3;0.00
166.4;0.00
166.5;0.00
166.6;0.00
166.7;0.00
166.8;0.00
166.9;0.00
167.0;0.00
167.1;0.00
167.2;0.00
167.3;0.00
167.4;0.00
167.5;0.00
167.6;0.00
167.7;0.00
167.8;0.00
167.9;0.00
168.0;0.00
168.1;0.00
168.2;0.00
168.3;0.00
168.4;0.00
168.5;0.00
168.6;0.00
168.7;0.00
168.8;0.00
168.9;0.00
169.0;0.00
169.1;0.00
169.2;0.00
169.3;0.00
169.4;0.00
169.5;0.00
169.6;0.00
169.7;0.00
169.8;0.00
169.9;0.00
170.0;0.00
170.1;0.00
170.2;0.00
170.3;0.00
170.4;0.00
170.5;0.00
170.6;0.00
170.7;0.00
170.8;0.00
170.9;0.00
171.0;0.00
171.1;0.00
171.2;0.00
171.3;0.00
171.4;0.00
171.5;0.00
171.6;0.00
171.7;0.00
171.8;0.00
171.9;0.00
172.0;0.00
172.1;0.00
172.2;0.00
172.3;0.00
172.4;0.00
172.5;0.00
172.6;0.00
172.7;0.00
172.8;0.00
172.9;0.00
173.0;0.00
173.1;0.00
173.2;0.00
173.3;0.00
173.4;0.00
173.5;0.00
173.6;0.00
173.7;0.00
173.8;0.00
173.9;0.00
174.0;0.00
174.1;0.00
174.2;0.00
174.3;0.00
174.4;0.00
174.5;0.00
174.6;0.00
174.7;0.00
174.8;0.00
174.9;0.00
175.0;0.00
175.1;0.00
175.2;0.00
175.3;0.00
175.4;0.00
175.5;0.00
175.6;0.00
175.7;0.00
175.8;0.00
175.9;0.00
176.0;0.00
176.1;0.00
176.2;0.00
176.3;0.00
176.4;0.00
176.5;0.00
176.6;0.00
176.7;0.00
176.8;0.00
176.9;0.00
177.0;0.00
177.1;0.00
177.2;0.00
177.3;0.00
177.4;0.00
177.5;0.00
177.6;0.00
177.7;0.00
177.8;0.00
177.9;0.00
178.0;0.00
178.1;0.00
178.2;0.00
178.3;0.00
178.4;0.00
178.5;0.00
178.6;0.00
178.7;0.00
178.8;0.00
178.9;0.00
179.0;0.00
179.1;0.00
179.2;0.00
179.3;0.00
179.4;0.00
179.5;0.00
179.6;0.00
179.7;0.00
179.8;0.00
179.9;0.00
180.0;0.00
180.1;0.00
180.2;0.00
180.3;0.00
180.4;0.00
180.5;0.00
180.6;0.00
180.7;0.00
180.8;0.00
180.9;0.00
181.0;0.00
181.1;0.00
181.2;0.00
181.3;0.00
181.4;0.00
181.5;0.00
181.6;0.00
181.7;0.00
181.8;0.00
181.9;0.00
182.0;0.00
182.1;0.00
182.2;0.00
182.3;0.00
182.4;0.00
182.5;0.00
182.6;0.00
182.7;0.00
182.8;0.00
182.9;0.00
183.0;0.00
183.1;0.00
183.2;0.00
183.3;0.00
183.4;0.00
183.5;0.00
183.6;0.00
183.7;0.00
183.8;0.00
183.9;0.00
184.0;0.00
184.1;0.00
184.2;0.00
184.3;0.00
184.4;0.00
184.5;0.00
184.6;0.00
184.7;0.00
184.8;0.00
184.9;0.00
185.0;0.00
185.1;0.00
185.2;0.00
185.3;0.00
185.4;0.00
185.5;0.00
185.6;0.00
185.7;0.00
185.8;0.00
185.9;0.00
186.0;0.00
186.1;0.00
186.2;0.00
186.3;0.00
186.4;0.00
186.5;0.00
186.6;0.00
186.7;0.00
186.8;0.00
186.9;0.00
187.0;0.00
187.1;0.00
187.2;0.00
187.3;0.00
187.4;0.00
187.5;0.00
187.6;0.00
187.7;0.00
187.8;0.00
187.9;0.00
188.0;0.00
188.1;0.00
188.2;0.00
188.3;0.00
188.4;0.00
188.5;0.00
188.6;0.00
188.7;0.00
188.8;0.00
188.9;0.00
189.0;0.00
189.1;0.00
189.2;0.00
189.3;0.00
189.4;0.00
189.5;0.00
189.6;0.00
189.7;0.00
189.8;0.00
189.9;0.00
190.0;0.00
190.1;0.00
190.2;0.00
190.3;0.00
190.4;0.00
190.5;0.00
190.6;0.00
190.7;0.00
190.8;0.00
190.9;0.00
191.0;0.00
191.1;0.00
191.2;0.00
191.3;0.00
191.4;0.00
191.5;0.00
191.6;0.00
191.7;0.00
191.8;0.00
191.9;0.00
192.0;0.00
192.1;0.00
192.2;0.00
192.3;0.00
192.4;0.00
192.5;0.00
192.6;0.00
192.7;0.00
192.8;0.00
192.9;0.00
193.0;0.00
193.1;0.00
193.2;0.00
193.3;0.00
193.4;0.00
193.5;0.00
193.6;0.00
193.7;0.00
193.8;0.00
193.9;0.00
194.0;0.00
194.1;0.00
194.2;0.00
194.3;0.00
194.4;0.00
194.5;0.00
194.6;0.00
194.7;0.00
194.8;0.00
194.9;0.00
195.0;0.00
195.1;0.00
195.2;0.00
195.3;0.00
195.4;0.00
195.5;0.00
195.6;0.00
195.7;0.00
195.8;0.00
195.9;0.00
196.0;0.00
196.1;0.00
196.2;0.00
196.3;0.00
196.4;0.00
196.5;0.00
196.6;0.00
196.7;0.00
196.8;0.00
196.9;0.00
197.0;0.00
197.1;0.00
197.2;0.00
197.3;0.00
197.4;0.00
197.5;0.00
197.6;0.00
197.7;0.00
197.8;0.00
197.9;0.00
198.0;0.00
198.1;0.00
198.2;0.00
198.3;0.00
198.4;0.00
198.5;0.00
198.6;0.00
198.7;0.00
198.8;0.00
198.9;0.00
199.0;0.00
199.1;0.00
199.2;0.00
199.3;0.00
199.4;0.00
199.5;0.00
199.6;0.00
199.7;0.00
199.8;0.00
199.9;0.00
200.0;0.00
200.1;0.00
200.2;0.00
200.3;0.00
200.4;0.00
200.5;0.00
200.6;0.00
200.7;0.00
200.8;0.00
200.9;0.00
201.0;0.00
201.1;0.00
201.2;0.00
201.3;0.00
201.4;0.00
201.5;0.00
201.6;0.00
201.7;0.00
201.8;0.00
201.9;0.00
202.0;0.00
202.1;0.00
202.2;0.00
202.3;0.00
202.4;0.00
202.5;0.00
202.6;0.00
202.7;0.00
202.8;0.00
202.9;0.00
203.0;0.00
203.1;0.00
203.2;0.00
203.3;0.00
203.4;0.00
203.5;0.00
203.6;0.00
203.7;0.00
203.8;0.00
203.9;0.00
204.0;0.00
204.1;0.00
